"0","ehm$Status <- ifelse(ehm$malaria_m==""positive"" & ehm$intespara_pcr== ""Intestinal parasite positive"",""Coinfected"", "
"0","                                  ifelse(ehm$malaria_m==""positive"" & ehm$intespara_pcr== ""Intestinal parasite negative"",""Only malaria"", "
"0","                                         ifelse(ehm$malaria_m==""negative"" & ehm$intespara_pcr== ""Intestinal parasite positive"",""Only intestinal parasites"",""No infection"")))"
"0","infection_table <- table(ehm$""Infection status"")"
"2","Unknown or uninitialised column: 'Infection status'."
"0","kable(infection_table, col.names = c("" "", ""Nº of people""))"
"2","Error in dimnames(x) <- dn : 
  length of 'dimnames' [2] not equal to array extent
"
