edat,year,key,value,p,grp
0 a 04,2000,Catalunya,260457,4.1593267581166975,Per edat
05 a 09,2000,Catalunya,266455,4.255110867951272,Per edat
10 a 14,2000,Catalunya,279961,4.470792793163972,Per edat
15 a 19,2000,Catalunya,350335,5.594619226224725,Per edat
20 a 24,2000,Catalunya,464005,7.409854265387139,Per edat
25 a 29,2000,Catalunya,453721,7.245625558228292,Per edat
30 a 34,2000,Catalunya,394909,6.306436650660596,Per edat
35 a 39,2000,Catalunya,324737,5.185836024566596,Per edat
40 a 44,2000,Catalunya,262790,4.196583231648552,Per edat
45 a 49,2000,Catalunya,206305,3.294554981564194,Per edat
50 a 54,2000,Catalunya,185686,2.9652831308340994,Per edat
55 a 59,2000,Catalunya,152724,2.4389016989622645,Per edat
60 a 64,2000,Catalunya,128929,2.0589112198836186,Per edat
65 a 69,2000,Catalunya,164005,2.619051839516423,Per edat
70 a 74,2000,Catalunya,150229,2.3990581921204392,Per edat
75 a 79,2000,Catalunya,122210,1.9516132148855343,Per edat
80 a 84,2000,Catalunya,72718,1.1612585693482225,Per edat
85+,2000,Catalunya,64966,1.0374642346637233,Per edat
0 a 04,2001,Catalunya,274016,4.307503185244047,Per edat
05 a 09,2001,Catalunya,264746,4.161779743812845,Per edat
10 a 14,2001,Catalunya,273332,4.296750775973396,Per edat
15 a 19,2001,Catalunya,330684,5.198318285462318,Per edat
20 a 24,2001,Catalunya,444196,6.982715187699496,Per edat
25 a 29,2001,Catalunya,466121,7.327373920534351,Per edat
30 a 34,2001,Catalunya,403885,6.349030436077792,Per edat
35 a 39,2001,Catalunya,340401,5.351068520671271,Per edat
40 a 44,2001,Catalunya,274990,4.32281436452711,Per edat
45 a 49,2001,Catalunya,214326,3.3691825575171364,Per edat
50 a 54,2001,Catalunya,188364,2.961062602130203,Per edat
55 a 59,2001,Catalunya,153063,2.4061345324470453,Per edat
60 a 64,2001,Catalunya,130877,2.0573729066010205,Per edat
65 a 69,2001,Catalunya,160069,2.516268127988254,Per edat
70 a 74,2001,Catalunya,151616,2.3833878420747747,Per edat
75 a 79,2001,Catalunya,126195,1.9837723507454768,Per edat
80 a 84,2001,Catalunya,76237,1.1984377566764366,Per edat
85+,2001,Catalunya,66698,1.0484856630613084,Per edat
0 a 04,2002,Catalunya,287847,4.424032189645951,Per edat
05 a 09,2002,Catalunya,263798,4.054413780807939,Per edat
10 a 14,2002,Catalunya,270120,4.15157905090956,Per edat
15 a 19,2002,Catalunya,312834,4.808067084304167,Per edat
20 a 24,2002,Catalunya,421890,6.484191047638954,Per edat
25 a 29,2002,Catalunya,473724,7.2808478983899025,Per edat
30 a 34,2002,Catalunya,413763,6.359284032435557,Per edat
35 a 39,2002,Catalunya,357907,5.500811503679431,Per edat
40 a 44,2002,Catalunya,286783,4.407679160954378,Per edat
45 a 49,2002,Catalunya,224323,3.447707194717849,Per edat
50 a 54,2002,Catalunya,191710,2.946465348178113,Per edat
55 a 59,2002,Catalunya,160020,2.459409446640559,Per edat
60 a 64,2002,Catalunya,125473,1.9284432039640724,Per edat
65 a 69,2002,Catalunya,158081,2.4296082035644684,Per edat
70 a 74,2002,Catalunya,151771,2.3326273661172623,Per edat
75 a 79,2002,Catalunya,128187,1.970155722637879,Per edat
80 a 84,2002,Catalunya,80860,1.2427687030080965,Per edat
85+,2002,Catalunya,67888,1.0433970035841411,Per edat
0 a 04,2003,Catalunya,302306,4.509239506418864,Per edat
05 a 09,2003,Catalunya,264926,3.9516740834701394,Per edat
10 a 14,2003,Catalunya,270756,4.038635196787181,Per edat
15 a 19,2003,Catalunya,298788,4.456764515569917,Per edat
20 a 24,2003,Catalunya,397828,5.934059311954125,Per edat
25 a 29,2003,Catalunya,476037,7.100635934837935,Per edat
30 a 34,2003,Catalunya,423695,6.31989518128036,Per edat
35 a 39,2003,Catalunya,375231,5.596999230028701,Per edat
40 a 44,2003,Catalunya,299055,4.460747125733837,Per edat
45 a 49,2003,Catalunya,236333,3.5251768085002926,Per edat
50 a 54,2003,Catalunya,197326,2.9433428209946504,Per edat
55 a 59,2003,Catalunya,170219,2.5390109344277407,Per edat
60 a 64,2003,Catalunya,123003,1.834730329560245,Per edat
65 a 69,2003,Catalunya,153146,2.2843476260809354,Per edat
70 a 74,2003,Catalunya,153061,2.283079753931373,Per edat
75 a 79,2003,Catalunya,130083,1.9403366215473232,Per edat
80 a 84,2003,Catalunya,85874,1.2809088584884636,Per edat
85+,2003,Catalunya,68989,1.0290497850136318,Per edat
0 a 04,2004,Catalunya,316390,4.643698614434463,Per edat
05 a 09,2004,Catalunya,265782,3.900918186863113,Per edat
10 a 14,2004,Catalunya,268154,3.9357323501218717,Per edat
15 a 19,2004,Catalunya,288326,4.231799509167264,Per edat
20 a 24,2004,Catalunya,370442,5.437027093550148,Per edat
25 a 29,2004,Catalunya,470915,6.911682837688944,Per edat
30 a 34,2004,Catalunya,434503,6.377259012824734,Per edat
35 a 39,2004,Catalunya,386713,5.675838750541403,Per edat
40 a 44,2004,Catalunya,309713,4.5456993867452855,Per edat
45 a 49,2004,Catalunya,249261,3.6584372462231696,Per edat
50 a 54,2004,Catalunya,199680,2.9307302358806333,Per edat
55 a 59,2004,Catalunya,178122,2.6143205682869097,Per edat
60 a 64,2004,Catalunya,131990,1.9372349951616827,Per edat
65 a 69,2004,Catalunya,141089,2.070782242839356,Per edat
70 a 74,2004,Catalunya,153071,2.2466436695537078,Per edat
75 a 79,2004,Catalunya,130780,1.9194756623020293,Per edat
80 a 84,2004,Catalunya,90594,1.329660331477214,Per edat
85+,2004,Catalunya,70403,1.0333143068745203,Per edat
0 a 04,2005,Catalunya,336249,4.806849147830671,Per edat
05 a 09,2005,Catalunya,272087,3.8896209775666364,Per edat
10 a 14,2005,Catalunya,266347,3.8075647807941615,Per edat
15 a 19,2005,Catalunya,280170,4.005171541767319,Per edat
20 a 24,2005,Catalunya,347747,4.971218860459578,Per edat
25 a 29,2005,Catalunya,457364,6.538249195234565,Per edat
30 a 34,2005,Catalunya,448822,6.416136994393017,Per edat
35 a 39,2005,Catalunya,393925,5.631356674842742,Per edat
40 a 44,2005,Catalunya,324975,4.645681628246545,Per edat
45 a 49,2005,Catalunya,262582,3.7537422057334693,Per edat
50 a 54,2005,Catalunya,205146,2.9326655998408055,Per edat
55 a 59,2005,Catalunya,183548,2.6239112901035364,Per edat
60 a 64,2005,Catalunya,149379,2.1354481912326815,Per edat
65 a 69,2005,Catalunya,123749,1.7690544066893812,Per edat
70 a 74,2005,Catalunya,152104,2.1744034414426108,Per edat
75 a 79,2005,Catalunya,131391,1.878300653333154,Per edat
80 a 84,2005,Catalunya,96156,1.3745985464902677,Per edat
85+,2005,Catalunya,72197,1.0320925502408362,Per edat
0 a 04,2006,Catalunya,350965,4.919129712165772,Per edat
05 a 09,2006,Catalunya,281353,3.943447072804914,Per edat
10 a 14,2006,Catalunya,264113,3.7018110229488372,Per edat
15 a 19,2006,Catalunya,273453,3.8327205766411665,Per edat
20 a 24,2006,Catalunya,328209,4.6001813391654895,Per edat
25 a 29,2006,Catalunya,437638,6.133939535203807,Per edat
30 a 34,2006,Catalunya,460783,6.458340136939242,Per edat
35 a 39,2006,Catalunya,402603,5.642888548735847,Per edat
40 a 44,2006,Catalunya,340477,4.772129776499268,Per edat
45 a 49,2006,Catalunya,274837,3.852118737488081,Per edat
50 a 54,2006,Catalunya,213128,2.987204642327488,Per edat
55 a 59,2006,Catalunya,186241,2.6103561230420858,Per edat
60 a 64,2006,Catalunya,149832,2.1000471358489365,Per edat
65 a 69,2006,Catalunya,125884,1.764391676338883,Per edat
70 a 74,2006,Catalunya,148876,2.086647828211906,Per edat
75 a 79,2006,Catalunya,133162,1.866400212931257,Per edat
80 a 84,2006,Catalunya,99176,1.390052023232381,Per edat
85+,2006,Catalunya,75006,1.0512850090200045,Per edat
0 a 04,2007,Catalunya,363257,5.0378835998795095,Per edat
05 a 09,2007,Catalunya,290429,4.027857676601982,Per edat
10 a 14,2007,Catalunya,262334,3.638218000728936,Per edat
15 a 19,2007,Catalunya,269191,3.733315322581987,Per edat
20 a 24,2007,Catalunya,309695,4.295051056042098,Per edat
25 a 29,2007,Catalunya,414366,5.7466963492724785,Per edat
30 a 34,2007,Catalunya,466337,6.467463873557869,Per edat
35 a 39,2007,Catalunya,410551,5.693787455752077,Per edat
40 a 44,2007,Catalunya,356588,4.9453935839194685,Per edat
45 a 49,2007,Catalunya,285831,3.964089631410159,Per edat
50 a 54,2007,Catalunya,222420,3.084664769805401,Per edat
55 a 59,2007,Catalunya,189097,2.6225198002692736,Per edat
60 a 64,2007,Catalunya,156479,2.1701522278319363,Per edat
65 a 69,2007,Catalunya,120751,1.6746531589729878,Per edat
70 a 74,2007,Catalunya,147535,2.0461110368367943,Per edat
75 a 79,2007,Catalunya,134115,1.8599937757506129,Per edat
80 a 84,2007,Catalunya,101720,1.410718911899134,Per edat
85+,2007,Catalunya,79441,1.101739294929012,Per edat
0 a 04,2008,Catalunya,379915,5.159030091750793,Per edat
05 a 09,2008,Catalunya,300368,4.078826976031487,Per edat
10 a 14,2008,Catalunya,261614,3.5525696495881767,Per edat
15 a 19,2008,Catalunya,268010,3.6394236997489706,Per edat
20 a 24,2008,Catalunya,294359,3.997228166241585,Per edat
25 a 29,2008,Catalunya,388903,5.281082030907331,Per edat
30 a 34,2008,Catalunya,466564,6.33567433696384,Per edat
35 a 39,2008,Catalunya,418049,5.67686817005469,Per edat
40 a 44,2008,Catalunya,371913,5.050367473022421,Per edat
45 a 49,2008,Catalunya,296158,4.021657565278368,Per edat
50 a 54,2008,Catalunya,233151,3.1660582628266565,Per edat
55 a 59,2008,Catalunya,193470,2.627212802471674,Per edat
60 a 64,2008,Catalunya,165395,2.2459702355135294,Per edat
65 a 69,2008,Catalunya,117896,1.6009607720070322,Per edat
70 a 74,2008,Catalunya,142612,1.9365900252550285,Per edat
75 a 79,2008,Catalunya,135559,1.840814287952952,Per edat
80 a 84,2008,Catalunya,103727,1.408553793156455,Per edat
85+,2008,Catalunya,83668,1.1361639569814441,Per edat
0 a 04,2009,Catalunya,394446,5.276573088869923,Per edat
05 a 09,2009,Catalunya,314654,4.209181557691742,Per edat
10 a 14,2009,Catalunya,263068,3.5191066187585447,Per edat
15 a 19,2009,Catalunya,265260,3.5484293859074136,Per edat
20 a 24,2009,Catalunya,283851,3.7971244425062403,Per edat
25 a 29,2009,Catalunya,361928,4.841574118912382,Per edat
30 a 34,2009,Catalunya,461922,6.179211335282834,Per edat
35 a 39,2009,Catalunya,428686,5.734607553823063,Per edat
40 a 44,2009,Catalunya,382925,5.122454658066035,Per edat
45 a 49,2009,Catalunya,306575,4.101107362529463,Per edat
50 a 54,2009,Catalunya,245717,3.2869992589045167,Per edat
55 a 59,2009,Catalunya,195620,2.6168429332398717,Per edat
60 a 64,2009,Catalunya,172860,2.312378434924058,Per edat
65 a 69,2009,Catalunya,126677,1.694580371403881,Per edat
70 a 74,2009,Catalunya,131392,1.757653750558497,Per edat
75 a 79,2009,Catalunya,135887,1.817784151258391,Per edat
80 a 84,2009,Catalunya,105121,1.4062219915402747,Per edat
85+,2009,Catalunya,88086,1.1783418189212111,Per edat
0 a 04,2010,Catalunya,403787,5.374953693110081,Per edat
05 a 09,2010,Catalunya,330398,4.398046371716237,Per edat
10 a 14,2010,Catalunya,268176,3.569786995627618,Per edat
15 a 19,2010,Catalunya,263211,3.5036960984806282,Per edat
20 a 24,2010,Catalunya,275498,3.6672527658008827,Per edat
25 a 29,2010,Catalunya,339348,4.517183034247065,Per edat
30 a 34,2010,Catalunya,447734,5.959947984533798,Per edat
35 a 39,2010,Catalunya,441863,5.881796996185364,Per edat
40 a 44,2010,Catalunya,389040,5.178651082792526,Per edat
45 a 49,2010,Catalunya,321078,4.273984506376873,Per edat
50 a 54,2010,Catalunya,258393,3.439561971098111,Per edat
55 a 59,2010,Catalunya,200741,2.6721355053743947,Per edat
60 a 64,2010,Catalunya,177851,2.3674384991922004,Per edat
65 a 69,2010,Catalunya,143320,1.907783963566278,Per edat
70 a 74,2010,Catalunya,114917,1.5297014355368823,Per edat
75 a 79,2010,Catalunya,135338,1.8015326964912988,Per edat
80 a 84,2010,Catalunya,106091,1.412215381514862,Per edat
85+,2010,Catalunya,93127,1.239646924190879,Per edat
0 a 04,2011,Catalunya,407057,5.3989074778059045,Per edat
05 a 09,2011,Catalunya,344389,4.567724783934677,Per edat
10 a 14,2011,Catalunya,277276,3.6775868485644763,Per edat
15 a 19,2011,Catalunya,260755,3.4584643412968665,Per edat
20 a 24,2011,Catalunya,268691,3.5637216633521747,Per edat
25 a 29,2011,Catalunya,319770,4.241196304640368,Per edat
30 a 34,2011,Catalunya,428171,5.678948190743881,Per edat
35 a 39,2011,Catalunya,453025,6.008593538823851,Per edat
40 a 44,2011,Catalunya,397043,5.266089077722505,Per edat
45 a 49,2011,Catalunya,335926,4.455477717836633,Per edat
50 a 54,2011,Catalunya,270070,3.582011714651857,Per edat
55 a 59,2011,Catalunya,208262,2.762235434209001,Per edat
60 a 64,2011,Catalunya,180347,2.3919912122868823,Per edat
65 a 69,2011,Catalunya,143705,1.905998420609638,Per edat
70 a 74,2011,Catalunya,117227,1.5548135197300446,Per edat
75 a 79,2011,Catalunya,132971,1.7636304650978338,Per edat
80 a 84,2011,Catalunya,108382,1.437499883946375,Per edat
85+,2011,Catalunya,98243,1.303023574934433,Per edat
0 a 04,2012,Catalunya,404423,5.34180312321851,Per edat
05 a 09,2012,Catalunya,359177,4.744173354107592,Per edat
10 a 14,2012,Catalunya,286185,3.7800617838705737,Per edat
15 a 19,2012,Catalunya,259070,3.421914518047241,Per edat
20 a 24,2012,Catalunya,264424,3.4926325877952817,Per edat
25 a 29,2012,Catalunya,301738,3.985492889360166,Per edat
30 a 34,2012,Catalunya,405326,5.353730358366526,Per edat
35 a 39,2012,Catalunya,458707,6.058810911452101,Per edat
40 a 44,2012,Catalunya,405122,5.351035833482589,Per edat
45 a 49,2012,Catalunya,351884,4.647844089506833,Per edat
50 a 54,2012,Catalunya,280844,3.7095154240416073,Per edat
55 a 59,2012,Catalunya,217590,2.8740277916466557,Per edat
60 a 64,2012,Catalunya,183366,2.421981617000233,Per edat
65 a 69,2012,Catalunya,149919,1.980198412132336,Per edat
70 a 74,2012,Catalunya,112820,1.490177928459836,Per edat
75 a 79,2012,Catalunya,131967,1.7430802223458535,Per edat
80 a 84,2012,Catalunya,109542,1.4468806119424513,Per edat
85+,2012,Catalunya,103053,1.3611709454136809,Per edat
0 a 04,2013,Catalunya,396273,5.246112806391611,Per edat
05 a 09,2013,Catalunya,371853,4.922825389050327,Per edat
10 a 14,2013,Catalunya,295802,3.9160141123827557,Per edat
15 a 19,2013,Catalunya,258147,3.4175133875676,Per edat
20 a 24,2013,Catalunya,263563,3.489213823780556,Per edat
25 a 29,2013,Catalunya,286696,3.7954631204781792,Per edat
30 a 34,2013,Catalunya,380143,5.032573656444236,Per edat
35 a 39,2013,Catalunya,458795,6.073818617489558,Per edat
40 a 44,2013,Catalunya,412036,5.4547933780357845,Per edat
45 a 49,2013,Catalunya,366863,4.856764610486321,Per edat
50 a 54,2013,Catalunya,290891,3.8509991858240715,Per edat
55 a 59,2013,Catalunya,228117,3.0199572392154783,Per edat
60 a 64,2013,Catalunya,187483,2.4820186267566013,Per edat
65 a 69,2013,Catalunya,158450,2.097661395484302,Per edat
70 a 74,2013,Catalunya,110389,1.4613994558921846,Per edat
75 a 79,2013,Catalunya,127634,1.689699681610877,Per edat
80 a 84,2013,Catalunya,111237,1.4726258166581718,Per edat
85+,2013,Catalunya,106438,1.4090936169931094,Per edat
0 a 04,2014,Catalunya,380731,5.063650907585854,Per edat
05 a 09,2014,Catalunya,383404,5.099201306360782,Per edat
10 a 14,2014,Catalunya,309350,4.114296992526702,Per edat
15 a 19,2014,Catalunya,259820,3.455557280097908,Per edat
20 a 24,2014,Catalunya,261079,3.4723017440177113,Per edat
25 a 29,2014,Catalunya,276397,3.676028271677398,Per edat
30 a 34,2014,Catalunya,353483,4.701257616968858,Per edat
35 a 39,2014,Catalunya,454595,6.046028257047604,Per edat
40 a 44,2014,Catalunya,422531,5.6195830694983036,Per edat
45 a 49,2014,Catalunya,377714,5.023525373315762,Per edat
50 a 54,2014,Catalunya,301103,4.004613438955125,Per edat
55 a 59,2014,Catalunya,240192,3.1945085606238037,Per edat
60 a 64,2014,Catalunya,189677,2.5226685328963545,Per edat
65 a 69,2014,Catalunya,165495,2.201052467361263,Per edat
70 a 74,2014,Catalunya,118775,1.5796852280179703,Per edat
75 a 79,2014,Catalunya,117750,1.5660529202198779,Per edat
80 a 84,2014,Catalunya,112124,1.4912281751739582,Per edat
85+,2014,Catalunya,110812,1.4737788211924001,Per edat
0 a 04,2015,Catalunya,367605,4.8961082861643135,Per edat
05 a 09,2015,Catalunya,387896,5.166362861685757,Per edat
10 a 14,2015,Catalunya,323330,4.306412296256872,Per edat
15 a 19,2015,Catalunya,264242,3.5194228744239893,Per edat
20 a 24,2015,Catalunya,259171,3.451882538685522,Per edat
25 a 29,2015,Catalunya,268131,3.5712202251806247,Per edat
30 a 34,2015,Catalunya,330887,4.40706351242244,Per edat
35 a 39,2015,Catalunya,440470,5.866592719921642,Per edat
40 a 44,2015,Catalunya,435351,5.798413075148379,Per edat
45 a 49,2015,Catalunya,383605,5.1092112977627115,Per edat
50 a 54,2015,Catalunya,315364,4.20031363435732,Per edat
55 a 59,2015,Catalunya,252441,3.362246084431946,Per edat
60 a 64,2015,Catalunya,194632,2.59229158458871,Per edat
65 a 69,2015,Catalunya,170449,2.2701997014959567,Per edat
70 a 74,2015,Catalunya,134267,1.7882938786426297,Per edat
75 a 79,2015,Catalunya,102808,1.369293401025505,Per edat
80 a 84,2015,Catalunya,112201,1.4943981877719894,Per edat
85+,2015,Catalunya,114705,1.5277488090871385,Per edat
0 a 04,2016,Catalunya,355464,4.725283665372965,Per edat
05 a 09,2016,Catalunya,389442,5.176962846336557,Per edat
10 a 14,2016,Catalunya,335804,4.463937715118557,Per edat
15 a 19,2016,Catalunya,273120,3.6306615429035407,Per edat
20 a 24,2016,Catalunya,257138,3.418208288734368,Per edat
25 a 29,2016,Catalunya,261385,3.474664863033985,Per edat
30 a 34,2016,Catalunya,311605,4.142253551832373,Per edat
35 a 39,2016,Catalunya,421112,5.597961129376083,Per edat
40 a 44,2016,Catalunya,446619,5.937032907257016,Per edat
45 a 49,2016,Catalunya,391352,5.202353017495557,Per edat
50 a 54,2016,Catalunya,330206,4.389521915041031,Per edat
55 a 59,2016,Catalunya,263828,3.50714035420751,Per edat
60 a 64,2016,Catalunya,201887,2.683741091506177,Per edat
65 a 69,2016,Catalunya,172829,2.297464864522832,Per edat
70 a 74,2016,Catalunya,134793,1.7918415398088638,Per edat
75 a 79,2016,Catalunya,105364,1.400633504710342,Per edat
80 a 84,2016,Catalunya,110388,1.4674189601568395,Per edat
85+,2016,Catalunya,118651,1.5772613603070005,Per edat
0 a 04,2017,Catalunya,344896,4.564634196375514,Per edat
05 a 09,2017,Catalunya,386542,5.115811234503688,Per edat
10 a 14,2017,Catalunya,349163,4.621107145078701,Per edat
15 a 19,2017,Catalunya,281675,3.727916059519603,Per edat
20 a 24,2017,Catalunya,255752,3.384829992204695,Per edat
25 a 29,2017,Catalunya,257374,3.4062968595111327,Per edat
30 a 34,2017,Catalunya,293721,3.8873426215253652,Per edat
35 a 39,2017,Catalunya,398358,5.272193789431472,Per edat
40 a 44,2017,Catalunya,451817,5.979713678047283,Per edat
45 a 49,2017,Catalunya,399285,5.284462461437062,Per edat
50 a 54,2017,Catalunya,345887,4.577749896437585,Per edat
55 a 59,2017,Catalunya,274305,3.6303754848904752,Per edat
60 a 64,2017,Catalunya,210744,2.7891575114845093,Per edat
65 a 69,2017,Catalunya,175540,2.3232391411664897,Per edat
70 a 74,2017,Catalunya,140564,1.860338308299684,Per edat
75 a 79,2017,Catalunya,101886,1.3484421962908113,Per edat
80 a 84,2017,Catalunya,109825,1.4535133797345892,Per edat
85+,2017,Catalunya,122548,1.6218999104003133,Per edat
0 a 04,2018,Catalunya,334334,4.399093955117489,Per edat
05 a 09,2018,Catalunya,380454,5.005930870328083,Per edat
10 a 14,2018,Catalunya,361168,4.752169882757581,Per edat
15 a 19,2018,Catalunya,291074,3.829888297007986,Per edat
20 a 24,2018,Catalunya,255167,3.357431811438455,Per edat
25 a 29,2018,Catalunya,256388,3.373497463508536,Per edat
30 a 34,2018,Catalunya,279248,3.674284364673197,Per edat
35 a 39,2018,Catalunya,373846,4.918984245529479,Per edat
40 a 44,2018,Catalunya,452882,5.958922719739896,Per edat
45 a 49,2018,Catalunya,406682,5.351033181953049,Per edat
50 a 54,2018,Catalunya,361007,4.75005147982287,Per edat
55 a 59,2018,Catalunya,284364,3.7415995784246583,Per edat
60 a 64,2018,Catalunya,220861,2.906040935176212,Per edat
65 a 69,2018,Catalunya,179436,2.360979807409542,Per edat
70 a 74,2018,Catalunya,148792,1.957772729575339,Per edat
75 a 79,2018,Catalunya,100000,1.3157782203178525,Per edat
80 a 84,2018,Catalunya,106485,1.4011064379054652,Per edat
85+,2018,Catalunya,125800,1.6552490011598586,Per edat
0 a 04,2000,Espanya,3194,0.05100607649410357,Per edat
05 a 09,2000,Espanya,6294,0.10051103489476763,Per edat
10 a 14,2000,Espanya,10414,0.16630472154339213,Per edat
15 a 19,2000,Espanya,14620,0.2334717715540996,Per edat
20 a 24,2000,Espanya,22492,0.35918242720894716,Per edat
25 a 29,2000,Espanya,44399,0.7090227896874465,Per edat
30 a 34,2000,Espanya,78046,1.2463432204316864,Per edat
35 a 39,2000,Espanya,126349,2.0177103190211305,Per edat
40 a 44,2000,Espanya,164932,2.633855419012363,Per edat
45 a 49,2000,Espanya,185809,2.9672473598287064,Per edat
50 a 54,2000,Espanya,209521,3.345912383569528,Per edat
55 a 59,2000,Espanya,186597,2.9798312008673267,Per edat
60 a 64,2000,Espanya,161745,2.582961127908197,Per edat
65 a 69,2000,Espanya,157630,2.5172472879666703,Per edat
70 a 74,2000,Espanya,127277,2.0325298678584907,Per edat
75 a 79,2000,Espanya,97298,1.55378498144123,Per edat
80 a 84,2000,Espanya,58439,0.933232343218196,Per edat
85+,2000,Espanya,48751,0.7785213635454109,Per edat
0 a 04,2001,Espanya,3264,0.051309742484513934,Per edat
05 a 09,2001,Espanya,6127,0.09631580643462527,Per edat
10 a 14,2001,Espanya,9656,0.15179132151668706,Per edat
15 a 19,2001,Espanya,14193,0.2231124923660252,Per edat
20 a 24,2001,Espanya,21478,0.33763193905710487,Per edat
25 a 29,2001,Espanya,39793,0.6255418451857423,Per edat
30 a 34,2001,Espanya,71793,1.1285785362103888,Per edat
35 a 39,2001,Espanya,115858,1.8212757796479215,Per edat
40 a 44,2001,Espanya,159635,2.5094456928662323,Per edat
45 a 49,2001,Espanya,184003,2.892508133081501,Per edat
50 a 54,2001,Espanya,201752,3.1715205777376396,Per edat
55 a 59,2001,Espanya,189303,2.9758235850324577,Per edat
60 a 64,2001,Espanya,166019,2.609801512725649,Per edat
65 a 69,2001,Espanya,159850,2.5128254706340543,Per edat
70 a 74,2001,Espanya,130991,2.0591649748127954,Per edat
75 a 79,2001,Espanya,100045,1.5726970547987735,Per edat
80 a 84,2001,Espanya,61201,0.9620733914812308,Per edat
85+,2001,Espanya,50726,0.7974074746536317,Per edat
0 a 04,2002,Espanya,3552,0.05459206570720701,Per edat
05 a 09,2002,Espanya,6124,0.09412213130375444,Per edat
10 a 14,2002,Espanya,8844,0.13592686630476883,Per edat
15 a 19,2002,Espanya,13740,0.21117538930659469,Per edat
20 a 24,2002,Espanya,20547,0.31579481252420677,Per edat
25 a 29,2002,Espanya,37069,0.5697278388796331,Per edat
30 a 34,2002,Espanya,66436,1.0210806523997762,Per edat
35 a 39,2002,Espanya,105951,1.6284020140045863,Per edat
40 a 44,2002,Espanya,153861,2.364749386761424,Per edat
45 a 49,2002,Espanya,179608,2.7604650161993347,Per edat
50 a 54,2002,Espanya,200538,3.082146304276993,Per edat
55 a 59,2002,Espanya,196449,3.0193008772846595,Per edat
60 a 64,2002,Espanya,158898,2.4421649934526406,Per edat
65 a 69,2002,Espanya,163637,2.5150005225591876,Per edat
70 a 74,2002,Espanya,133306,2.0488316191342735,Per edat
75 a 79,2002,Espanya,103655,1.5931138994596121,Per edat
80 a 84,2002,Espanya,64234,0.9872372603143963,Per edat
85+,2002,Espanya,51761,0.7955348854365829,Per edat
0 a 04,2003,Espanya,3807,0.056785756157458386,Per edat
05 a 09,2003,Espanya,6042,0.09012333561948084,Per edat
10 a 14,2003,Espanya,8234,0.1228195209352541,Per edat
15 a 19,2003,Espanya,13159,0.19628152489519174,Per edat
20 a 24,2003,Espanya,19879,0.2965180054252995,Per edat
25 a 29,2003,Espanya,35205,0.5251228120628637,Per edat
30 a 34,2003,Espanya,61921,0.9236224867417863,Per edat
35 a 39,2003,Espanya,97706,1.4573966617075462,Per edat
40 a 44,2003,Espanya,145092,2.1642130108741666,Per edat
45 a 49,2003,Espanya,174506,2.6029564391944926,Per edat
50 a 54,2003,Espanya,198592,2.962226657951662,Per edat
55 a 59,2003,Espanya,202464,3.0199819633999616,Per edat
60 a 64,2003,Espanya,158151,2.3590029214757555,Per edat
65 a 69,2003,Espanya,164519,2.453988919692381,Per edat
70 a 74,2003,Espanya,137479,2.050656414702186,Per edat
75 a 79,2003,Espanya,104738,1.5622869788336948,Per edat
80 a 84,2003,Espanya,68749,1.025469910708985,Per edat
85+,2003,Espanya,53300,0.7950304184902895,Per edat
0 a 04,2004,Espanya,4086,0.059970771954168,Per edat
05 a 09,2004,Espanya,5903,0.08663912551283742,Per edat
10 a 14,2004,Espanya,7692,0.11289651930285372,Per edat
15 a 19,2004,Espanya,12184,0.17882620790249218,Per edat
20 a 24,2004,Espanya,19138,0.28089100187441685,Per edat
25 a 29,2004,Espanya,33303,0.4887926134091182,Per edat
30 a 34,2004,Espanya,57493,0.8438324992562363,Per edat
35 a 39,2004,Espanya,89170,1.3087600918142832,Per edat
40 a 44,2004,Espanya,135128,1.983291843520023,Per edat
45 a 49,2004,Espanya,168827,2.477896602228664,Per edat
50 a 54,2004,Espanya,190292,2.7929412963050755,Per edat
55 a 59,2004,Espanya,206004,3.0235484350578625,Per edat
60 a 64,2004,Espanya,167071,2.452123553880275,Per edat
65 a 69,2004,Espanya,159486,2.34079748797906,Per edat
70 a 74,2004,Espanya,141595,2.0782088729443022,Per edat
75 a 79,2004,Espanya,107677,1.58038982175941,Per edat
80 a 84,2004,Espanya,71974,1.05637208532288,Per edat
85+,2004,Espanya,54984,0.8070075685579966,Per edat
0 a 04,2005,Espanya,4395,0.06282874299913398,Per edat
05 a 09,2005,Espanya,5871,0.08392890788348477,Per edat
10 a 14,2005,Espanya,7292,0.10424282001130489,Per edat
15 a 19,2005,Espanya,11242,0.1607100634348724,Per edat
20 a 24,2005,Espanya,18485,0.26425240371763176,Per edat
25 a 29,2005,Espanya,32370,0.46274548597996973,Per edat
30 a 34,2005,Espanya,52744,0.7540020980082645,Per edat
35 a 39,2005,Espanya,80735,1.1541475690637273,Per edat
40 a 44,2005,Espanya,126770,1.8122411262799125,Per edat
45 a 49,2005,Espanya,164193,2.347221797328056,Per edat
50 a 54,2005,Espanya,183732,2.626541662961748,Per edat
55 a 59,2005,Espanya,205101,2.9320223021309166,Per edat
60 a 64,2005,Espanya,179635,2.567972980352544,Per edat
65 a 69,2005,Espanya,152072,2.1739459852933565,Per edat
70 a 74,2005,Espanya,144300,2.0628413230432385,Per edat
75 a 79,2005,Espanya,110319,1.5770657790492515,Per edat
80 a 84,2005,Espanya,76022,1.0867728555813796,Per edat
85+,2005,Espanya,57100,0.8162733163254949,Per edat
0 a 04,2006,Espanya,4527,0.06345048710547904,Per edat
05 a 09,2006,Espanya,5980,0.08381575279230499,Per edat
10 a 14,2006,Espanya,6966,0.09763554079451447,Per edat
15 a 19,2006,Espanya,10259,0.1437902688789727,Per edat
20 a 24,2006,Espanya,17884,0.2506623616952479,Per edat
25 a 29,2006,Espanya,31586,0.4427097604845728,Per edat
30 a 34,2006,Espanya,48770,0.6835609136589823,Per edat
35 a 39,2006,Espanya,74473,1.0438144745319948,Per edat
40 a 44,2006,Espanya,115829,1.623460673943126,Per edat
45 a 49,2006,Espanya,158586,2.222743306408107,Per edat
50 a 54,2006,Espanya,181655,2.5460786912184217,Per edat
55 a 59,2006,Espanya,197140,2.763116639711539,Per edat
60 a 64,2006,Espanya,182208,2.553829545949884,Per edat
65 a 69,2006,Espanya,156073,2.187521067818297,Per edat
70 a 74,2006,Espanya,146378,2.0516358298046855,Per edat
75 a 79,2006,Espanya,113858,1.5958351139508795,Per edat
80 a 84,2006,Espanya,78360,1.0982947138469932,Per edat
85+,2006,Espanya,59708,0.8368680548031683,Per edat
0 a 04,2007,Espanya,4551,0.06311621871857018,Per edat
05 a 09,2007,Espanya,5931,0.08225495346513727,Per edat
10 a 14,2007,Espanya,6639,0.09207395650902822,Per edat
15 a 19,2007,Espanya,9302,0.12900616711055587,Per edat
20 a 24,2007,Espanya,16889,0.23422760227157363,Per edat
25 a 29,2007,Espanya,29857,0.41407623429583607,Per edat
30 a 34,2007,Espanya,45603,0.63245197148384,Per edat
35 a 39,2007,Espanya,68467,0.9495447477487022,Per edat
40 a 44,2007,Espanya,105067,1.4571372779837426,Per edat
45 a 49,2007,Espanya,152041,2.108603166378846,Per edat
50 a 54,2007,Espanya,176518,2.4480660724598047,Per edat
55 a 59,2007,Espanya,195207,2.707257241792118,Per edat
60 a 64,2007,Espanya,188483,2.6140044501718878,Per edat
65 a 69,2007,Espanya,149286,2.0703950401275475,Per edat
70 a 74,2007,Espanya,149865,2.078424987532085,Per edat
75 a 79,2007,Espanya,116190,1.6113982537707467,Per edat
80 a 84,2007,Espanya,81744,1.1336787921183917,Per edat
85+,2007,Espanya,62661,0.8690233753294496,Per edat
0 a 04,2008,Espanya,4690,0.06368753834492247,Per edat
05 a 09,2008,Espanya,5835,0.07923598853787263,Per edat
10 a 14,2008,Espanya,6430,0.08731575086521354,Per edat
15 a 19,2008,Espanya,8393,0.11397217682919708,Per edat
20 a 24,2008,Espanya,15843,0.21513894882699505,Per edat
25 a 29,2008,Espanya,28125,0.38192153858229094,Per edat
30 a 34,2008,Espanya,42782,0.5809552804845358,Per edat
35 a 39,2008,Espanya,63114,0.8570523017273852,Per edat
40 a 44,2008,Espanya,95800,1.3009096318643012,Per edat
45 a 49,2008,Espanya,142212,1.931158252261858,Per edat
50 a 54,2008,Espanya,170570,2.3162437986126707,Per edat
55 a 59,2008,Espanya,192352,2.612030996955763,Per edat
60 a 64,2008,Espanya,193369,2.6258412797908983,Per edat
65 a 69,2008,Espanya,148414,2.0153778925209647,Per edat
70 a 74,2008,Espanya,150650,2.045741503552787,Per edat
75 a 79,2008,Espanya,120231,1.632668746854664,Per edat
80 a 84,2008,Espanya,82713,1.12319559896025,Per edat
85+,2008,Espanya,66513,0.9032087927368504,Per edat
0 a 04,2009,Espanya,4724,0.06319377372776379,Per edat
05 a 09,2009,Espanya,6020,0.08053059226103684,Per edat
10 a 14,2009,Espanya,5999,0.0802496715903588,Per edat
15 a 19,2009,Espanya,7690,0.10287047416733776,Per edat
20 a 24,2009,Espanya,14643,0.1958819705113559,Per edat
25 a 29,2009,Espanya,26675,0.35683613763507604,Per edat
30 a 34,2009,Espanya,40422,0.5407321595308356,Per edat
35 a 39,2009,Espanya,58191,0.7784311784488364,Per edat
40 a 44,2009,Espanya,87163,1.165994686586172,Per edat
45 a 49,2009,Espanya,132137,1.7676197457801701,Per edat
50 a 54,2009,Espanya,164752,2.2039163016927477,Per edat
55 a 59,2009,Espanya,184378,2.4664567342035633,Per edat
60 a 64,2009,Espanya,196595,2.6298856786642086,Per edat
65 a 69,2009,Espanya,156987,2.1000425394158455,Per edat
70 a 74,2009,Espanya,146376,1.9580973376746726,Per edat
75 a 79,2009,Espanya,124424,1.664441596592566,Per edat
80 a 84,2009,Espanya,85818,1.1480023864879834,Per edat
85+,2009,Espanya,69761,0.9332050908176397,Per edat
0 a 04,2010,Espanya,4896,0.06517241337999231,Per edat
05 a 09,2010,Espanya,6209,0.08265022767082766,Per edat
10 a 14,2010,Espanya,5835,0.07767177942652269,Per edat
15 a 19,2010,Espanya,7142,0.0950697255637061,Per edat
20 a 24,2010,Espanya,13455,0.17910433456450092,Per edat
25 a 29,2010,Espanya,25806,0.34351292885704277,Per edat
30 a 34,2010,Espanya,38766,0.5160281407452577,Per edat
35 a 39,2010,Espanya,53354,0.7102142449910355,Per edat
40 a 44,2010,Espanya,78590,1.046139699251143,Per edat
45 a 49,2010,Espanya,123520,1.6442190565148385,Per edat
50 a 54,2010,Espanya,159960,2.1292849763610233,Per edat
55 a 59,2010,Espanya,178011,2.3695683166229187,Per edat
60 a 64,2010,Espanya,195801,2.6063773922009545,Per edat
65 a 69,2010,Espanya,168936,2.2487677342243426,Per edat
70 a 74,2010,Espanya,139501,1.8569478837668112,Per edat
75 a 79,2010,Espanya,127075,1.69154093755362,Per edat
80 a 84,2010,Espanya,87961,1.1708804438965488,Per edat
85+,2010,Espanya,73285,0.9755229400638759,Per edat
0 a 04,2011,Espanya,4990,0.06618372442741795,Per edat
05 a 09,2011,Espanya,6311,0.08370450598425544,Per edat
10 a 14,2011,Espanya,5739,0.0761179147272448,Per edat
15 a 19,2011,Espanya,6666,0.08841296734131623,Per edat
20 a 24,2011,Espanya,12464,0.1653134150828331,Per edat
25 a 29,2011,Espanya,25519,0.3384654235798153,Per edat
30 a 34,2011,Espanya,37711,0.5001712288341399,Per edat
35 a 39,2011,Espanya,49153,0.6519295805172093,Per edat
40 a 44,2011,Espanya,72394,0.9601812717832654,Per edat
45 a 49,2011,Espanya,112675,1.4944391081882398,Per edat
50 a 54,2011,Espanya,154341,2.047066575521465,Per edat
55 a 59,2011,Espanya,175901,2.3330227075164816,Per edat
60 a 64,2011,Espanya,188449,2.4994502373992953,Per edat
65 a 69,2011,Espanya,171585,2.275778428031765,Per edat
70 a 74,2011,Espanya,143565,1.904141562609671,Per edat
75 a 79,2011,Espanya,129628,1.7192913487128925,Per edat
80 a 84,2011,Espanya,91525,1.2139209174788432,Per edat
85+,2011,Espanya,77017,1.0214973755964825,Per edat
0 a 04,2012,Espanya,5019,0.06629323721804571,Per edat
05 a 09,2012,Espanya,6538,0.08635688083912789,Per edat
10 a 14,2012,Espanya,5741,0.07582974195433362,Per edat
15 a 19,2012,Espanya,6339,0.08372839823175768,Per edat
20 a 24,2012,Espanya,11296,0.14920271122037146,Per edat
25 a 29,2012,Espanya,24605,0.3249940429866537,Per edat
30 a 34,2012,Espanya,36111,0.4769705298228429,Per edat
35 a 39,2012,Espanya,46489,0.6140478790654965,Per edat
40 a 44,2012,Espanya,66723,0.8813077638771994,Per edat
45 a 49,2012,Espanya,102383,1.3523212803536906,Per edat
50 a 54,2012,Espanya,148180,1.9572289083423018,Per edat
55 a 59,2012,Espanya,171268,2.2621857246185,Per edat
60 a 64,2012,Espanya,187455,2.4759909907768,Per edat
65 a 69,2012,Espanya,178306,2.355146833114337,Per edat
70 a 74,2012,Espanya,138450,1.8287106381427432,Per edat
75 a 79,2012,Espanya,133230,1.7597625014067004,Per edat
80 a 84,2012,Espanya,93998,1.2415683825506796,Per edat
85+,2012,Espanya,81349,1.0744946312912533,Per edat
0 a 04,2013,Espanya,4854,0.0642603244788943,Per edat
05 a 09,2013,Espanya,6766,0.08957259073428078,Per edat
10 a 14,2013,Espanya,5909,0.07822708227148464,Per edat
15 a 19,2013,Espanya,6109,0.08087480886723637,Per edat
20 a 24,2013,Espanya,9979,0.1321083184950322,Per edat
25 a 29,2013,Espanya,22975,0.3041575926869791,Per edat
30 a 34,2013,Espanya,34263,0.45359528175120634,Per edat
35 a 39,2013,Espanya,43897,0.5811362718685669,Per edat
40 a 44,2013,Espanya,61742,0.8173796773745143,Per edat
45 a 49,2013,Espanya,93625,1.2394670126362752,Per edat
50 a 54,2013,Espanya,138756,1.83693975760063,Per edat
55 a 59,2013,Espanya,165628,2.1926883030058315,Per edat
60 a 64,2013,Espanya,185291,2.4529995432671625,Per edat
65 a 69,2013,Espanya,183213,2.425489663937302,Per edat
70 a 74,2013,Espanya,137942,1.8261635103559208,Per edat
75 a 79,2013,Espanya,134307,1.7780410794781332,Per edat
80 a 84,2013,Espanya,97794,1.2946588735247198,Per edat
85+,2013,Espanya,84127,1.1137264766040258,Per edat
0 a 04,2014,Espanya,4573,0.060820042498220823,Per edat
05 a 09,2014,Espanya,7235,0.0962241433358031,Per edat
10 a 14,2014,Espanya,6198,0.08243223778787943,Per edat
15 a 19,2014,Espanya,5935,0.07893438710407621,Per edat
20 a 24,2014,Espanya,9152,0.1217198838713573,Per edat
25 a 29,2014,Espanya,21763,0.28944381913159406,Per edat
30 a 34,2014,Espanya,33112,0.44038339103456986,Per edat
35 a 39,2014,Espanya,42049,0.5592438152214492,Per edat
40 a 44,2014,Espanya,57421,0.7636885327553766,Per edat
45 a 49,2014,Espanya,85233,1.1335829176144445,Per edat
50 a 54,2014,Espanya,129185,1.7181362759966445,Per edat
55 a 59,2014,Espanya,159884,2.126427219502632,Per edat
60 a 64,2014,Espanya,177722,2.363669274626897,Per edat
65 a 69,2014,Espanya,186752,2.483766581374969,Per edat
70 a 74,2014,Espanya,146257,1.9451906747566767,Per edat
75 a 79,2014,Espanya,130661,1.7377667992258976,Per edat
80 a 84,2014,Espanya,101965,1.3561153801292556,Per edat
85+,2014,Espanya,88146,1.1723252713859986,Per edat
0 a 04,2015,Espanya,4595,0.061200521143414864,Per edat
05 a 09,2015,Espanya,7660,0.10202306680273295,Per edat
10 a 14,2015,Espanya,6520,0.08683947722634709,Per edat
15 a 19,2015,Espanya,5877,0.07827539994773648,Per edat
20 a 24,2015,Espanya,8892,0.11843199869580956,Per edat
25 a 29,2015,Espanya,21035,0.28016386556076855,Per edat
30 a 34,2015,Espanya,32476,0.43254583779184796,Per edat
35 a 39,2015,Espanya,40978,0.5457834505799466,Per edat
40 a 44,2015,Espanya,52808,0.703346489780512,Per edat
45 a 49,2015,Espanya,76838,1.0234005753248556,Per edat
50 a 54,2015,Espanya,120944,1.6108456646722886,Per edat
55 a 59,2015,Espanya,155372,2.069390069879141,Per edat
60 a 64,2015,Espanya,171604,2.285583075145716,Per edat
65 a 69,2015,Espanya,186067,2.4782148786924427,Per edat
70 a 74,2015,Espanya,157608,2.0991712157500175,Per edat
75 a 79,2015,Espanya,124739,1.661391035235784,Per edat
80 a 84,2015,Espanya,104628,1.3935338685948226,Per edat
85+,2015,Espanya,92289,1.2291914898377834,Per edat
0 a 04,2016,Espanya,4631,0.061561195098075186,Per edat
05 a 09,2016,Espanya,8029,0.10673177185110035,Per edat
10 a 14,2016,Espanya,6938,0.09222879973881357,Per edat
15 a 19,2016,Espanya,5939,0.07894880969282413,Per edat
20 a 24,2016,Espanya,8795,0.11691442688135852,Per edat
25 a 29,2016,Espanya,20456,0.27192740378454455,Per edat
30 a 34,2016,Espanya,31911,0.424201964321891,Per edat
35 a 39,2016,Espanya,40117,0.5332866473222808,Per edat
40 a 44,2016,Espanya,49226,0.6543751651690454,Per edat
45 a 49,2016,Espanya,71042,0.9443814342814635,Per edat
50 a 54,2016,Espanya,110383,1.467352493740193,Per edat
55 a 59,2016,Espanya,150208,1.9967575023303126,Per edat
60 a 64,2016,Espanya,169507,2.2533045773028353,Per edat
65 a 69,2016,Espanya,179075,2.3804947121977573,Per edat
70 a 74,2016,Espanya,160632,2.135326687755131,Per edat
75 a 79,2016,Espanya,128564,1.7090376779505374,Per edat
80 a 84,2016,Espanya,106973,1.422022397587216,Per edat
85+,2016,Espanya,96287,1.2799703719301156,Per edat
0 a 04,2017,Espanya,4595,0.060813967492651375,Per edat
05 a 09,2017,Espanya,8209,0.1086445830570566,Per edat
10 a 14,2017,Espanya,7456,0.09867876858002363,Per edat
15 a 19,2017,Espanya,6106,0.08081177051362988,Per edat
20 a 24,2017,Espanya,8563,0.11332970699446653,Per edat
25 a 29,2017,Espanya,19770,0.2616522605722998,Per edat
30 a 34,2017,Espanya,31479,0.4166186904681551,Per edat
35 a 39,2017,Espanya,38707,0.5122799215969656,Per edat
40 a 44,2017,Espanya,46767,0.6189525174600276,Per edat
45 a 49,2017,Espanya,65565,0.8677405394245238,Per edat
50 a 54,2017,Espanya,100230,1.3265253453293682,Per edat
55 a 59,2017,Espanya,144163,1.9079704016633514,Per edat
60 a 64,2017,Espanya,164698,2.179747294473274,Per edat
65 a 69,2017,Espanya,177928,2.354843875523933,Per edat
70 a 74,2017,Espanya,166648,2.2055551805691764,Per edat
75 a 79,2017,Espanya,124094,1.64236093188968,Per edat
80 a 84,2017,Espanya,109980,1.4555647758088788,Per edat
85+,2017,Espanya,100046,1.3240901396669855,Per edat
0 a 04,2018,Espanya,4481,0.05896002205244297,Per edat
05 a 09,2018,Espanya,8251,0.108564860958426,Per edat
10 a 14,2018,Espanya,8035,0.10572278000253944,Per edat
15 a 19,2018,Espanya,6367,0.08377559928763767,Per edat
20 a 24,2018,Espanya,8608,0.11326218920496074,Per edat
25 a 29,2018,Espanya,20056,0.2638924798669485,Per edat
30 a 34,2018,Espanya,31288,0.4116806895730497,Per edat
35 a 39,2018,Espanya,37664,0.49557470890051597,Per edat
40 a 44,2018,Espanya,44736,0.5886265446413945,Per edat
45 a 49,2018,Espanya,60916,0.8015194606888231,Per edat
50 a 54,2018,Espanya,91707,1.206660732506893,Per edat
55 a 59,2018,Espanya,134936,1.7754584993680975,Per edat
60 a 64,2018,Espanya,159347,2.0966531207298886,Per edat
65 a 69,2018,Espanya,175330,2.3069539536832906,Per edat
70 a 74,2018,Espanya,170870,2.248270245057115,Per edat
75 a 79,2018,Espanya,123840,1.6294597480416289,Per edat
80 a 84,2018,Espanya,110971,1.4601322488689241,Per edat
85+,2018,Espanya,103954,1.3678040911492204,Per edat
0 a 04,2000,Estranger,4423,0.07063239709875394,Per edat
05 a 09,2000,Estranger,9078,0.14496968140684788,Per edat
10 a 14,2000,Estranger,12415,0.1982593737239498,Per edat
15 a 19,2000,Estranger,13580,0.21686365647774777,Per edat
20 a 24,2000,Estranger,17382,0.27757909255494934,Per edat
25 a 29,2000,Estranger,28404,0.4535931736814394,Per edat
30 a 34,2000,Estranger,37551,0.5996647396462376,Per edat
35 a 39,2000,Estranger,34594,0.5524433970685719,Per edat
40 a 44,2000,Estranger,24386,0.389428359857611,Per edat
45 a 49,2000,Estranger,18186,0.29041844305628284,Per edat
50 a 54,2000,Estranger,12889,0.20582884155682551,Per edat
55 a 59,2000,Estranger,10059,0.16063560533944513,Per edat
60 a 64,2000,Estranger,7867,0.12563080894774975,Per edat
65 a 69,2000,Estranger,7321,0.11691154853266505,Per edat
70 a 74,2000,Estranger,6155,0.09829129643744754,Per edat
75 a 79,2000,Estranger,4140,0.0661130734770159,Per edat
80 a 84,2000,Estranger,2444,0.03902907042942677,Per edat
85+,2000,Estranger,2176,0.03474928692898226,Per edat
0 a 04,2001,Estranger,6642,0.10441155318080318,Per edat
05 a 09,2001,Estranger,12128,0.190650905898341,Per edat
10 a 14,2001,Estranger,15427,0.24251084476366314,Per edat
15 a 19,2001,Estranger,17731,0.27872948651743773,Per edat
20 a 24,2001,Estranger,28244,0.44399275941562855,Per edat
25 a 29,2001,Estranger,43605,0.6854660910040533,Per edat
30 a 34,2001,Estranger,50570,0.7949551707848865,Per edat
35 a 39,2001,Estranger,46045,0.7238226386946827,Per edat
40 a 44,2001,Estranger,32281,0.5074539819677066,Per edat
45 a 49,2001,Estranger,22546,0.35442078862005244,Per edat
50 a 54,2001,Estranger,15942,0.25060659150984105,Per edat
55 a 59,2001,Estranger,11365,0.1786566247967221,Per edat
60 a 64,2001,Estranger,9197,0.14457588897980228,Per edat
65 a 69,2001,Estranger,7595,0.11939261463538094,Per edat
70 a 74,2001,Estranger,6868,0.10796424981116474,Per edat
75 a 79,2001,Estranger,4651,0.07311323906111346,Per edat
80 a 84,2001,Estranger,2680,0.04212932287331414,Per edat
85+,2001,Estranger,2345,0.036863157514149876,Per edat
0 a 04,2002,Estranger,10422,0.16017976036050435,Per edat
05 a 09,2002,Estranger,17902,0.27514278161329386,Per edat
10 a 14,2002,Estranger,20488,0.3148880186399936,Per edat
15 a 19,2002,Estranger,23728,0.3646848353323784,Per edat
20 a 24,2002,Estranger,44727,0.6874266111729302,Per edat
25 a 29,2002,Estranger,67132,1.0317777463559181,Per edat
30 a 34,2002,Estranger,70893,1.0895820141275414,Per edat
35 a 39,2002,Estranger,62327,0.957927837650082,Per edat
40 a 44,2002,Estranger,43281,0.6652024763157732,Per edat
45 a 49,2002,Estranger,29566,0.4544113217058791,Per edat
50 a 54,2002,Estranger,19928,0.3062811614339024,Per edat
55 a 59,2002,Estranger,13466,0.20696417703075723,Per edat
60 a 64,2002,Estranger,10733,0.16495963998745858,Per edat
65 a 69,2002,Estranger,8308,0.1276888744075101,Per edat
70 a 74,2002,Estranger,7611,0.11697641106350017,Per edat
75 a 79,2002,Estranger,5203,0.07996692507730802,Per edat
80 a 84,2002,Estranger,2946,0.045278216659186896,Per edat
85+,2002,Estranger,2590,0.03980671457817178,Per edat
0 a 04,2003,Estranger,14864,0.2217135486011194,Per edat
05 a 09,2003,Estranger,25856,0.3856717917539385,Per edat
10 a 14,2003,Estranger,26845,0.40042385711767015,Per edat
15 a 19,2003,Estranger,31114,0.4641008713115734,Per edat
20 a 24,2003,Estranger,65222,0.9728606745736146,Per edat
25 a 29,2003,Estranger,99132,1.4786670815343221,Per edat
30 a 34,2003,Estranger,98161,1.464183506743439,Per edat
35 a 39,2003,Estranger,81394,1.2140845381350585,Per edat
40 a 44,2003,Estranger,57841,0.8627646235627923,Per edat
45 a 49,2003,Estranger,38669,0.5767923311932646,Per edat
50 a 54,2003,Estranger,25274,0.37699059656517026,Per edat
55 a 59,2003,Estranger,16939,0.25266454519337733,Per edat
60 a 64,2003,Estranger,12803,0.19097137800996578,Per edat
65 a 69,2003,Estranger,9347,0.1394211880230532,Per edat
70 a 74,2003,Estranger,8522,0.12711537010083016,Per edat
75 a 79,2003,Estranger,5843,0.08715502317521129,Per edat
80 a 84,2003,Estranger,3305,0.04929785240357236,Per edat
85+,2003,Estranger,2816,0.042003858507854694,Per edat
0 a 04,2004,Estranger,17481,0.2565709898509082,Per edat
05 a 09,2004,Estranger,32171,0.4721780970478558,Per edat
10 a 14,2004,Estranger,32823,0.48174758880363594,Per edat
15 a 19,2004,Estranger,37363,0.5483817798638226,Per edat
20 a 24,2004,Estranger,74498,1.093417173040041,Per edat
25 a 29,2004,Estranger,118293,1.7362022826173262,Per edat
30 a 34,2004,Estranger,113715,1.669010360442539,Per edat
35 a 39,2004,Estranger,92869,1.3630508126802812,Per edat
40 a 44,2004,Estranger,67591,0.99204220439407,Per edat
45 a 49,2004,Estranger,45240,0.6639935690667059,Per edat
50 a 54,2004,Estranger,29124,0.427456867937638,Per edat
55 a 59,2004,Estranger,19177,0.2814634101236123,Per edat
60 a 64,2004,Estranger,14199,0.20840063411092305,Per edat
65 a 69,2004,Estranger,10065,0.1477253596962068,Per edat
70 a 74,2004,Estranger,8557,0.1255922407273166,Per edat
75 a 79,2004,Estranger,6055,0.08887004997124015,Per edat
80 a 84,2004,Estranger,3411,0.050063706102708536,Per edat
85+,2004,Estranger,2752,0.040391474404765135,Per edat
0 a 04,2005,Estranger,18216,0.2604069129629635,Per edat
05 a 09,2005,Estranger,38284,0.5472891005640148,Per edat
10 a 14,2005,Estranger,39275,0.5614559456862315,Per edat
15 a 19,2005,Estranger,45080,0.6444413502618793,Per edat
20 a 24,2005,Estranger,89133,1.274201217233631,Per edat
25 a 29,2005,Estranger,145181,2.0754356626523935,Per edat
30 a 34,2005,Estranger,140109,2.0029288629956,Per edat
35 a 39,2005,Estranger,113253,1.619008789733998,Per edat
40 a 44,2005,Estranger,83800,1.1979632908594828,Per edat
45 a 49,2005,Estranger,55605,0.7949015368525244,Per edat
50 a 54,2005,Estranger,36024,0.5149812600229356,Per edat
55 a 59,2005,Estranger,23052,0.32953997351900716,Per edat
60 a 64,2005,Estranger,16564,0.23679073925771452,Per edat
65 a 69,2005,Estranger,12274,0.17546302424832091,Per edat
70 a 74,2005,Estranger,9480,0.13552138421656204,Per edat
75 a 79,2005,Estranger,6674,0.0954081981288328,Per edat
80 a 84,2005,Estranger,3892,0.05563810415304424,Per edat
85+,2005,Estranger,2994,0.04280074096459776,Per edat
0 a 04,2006,Estranger,18949,0.26558941465909486,Per edat
05 a 09,2006,Estranger,42663,0.5979651273207538,Per edat
10 a 14,2006,Estranger,45235,0.6340143106287486,Per edat
15 a 19,2006,Estranger,52091,0.730108090084274,Per edat
20 a 24,2006,Estranger,97878,1.3718592394323124,Per edat
25 a 29,2006,Estranger,163519,2.291884294455672,Per edat
30 a 34,2006,Estranger,159761,2.2392121207109423,Per edat
35 a 39,2006,Estranger,130377,1.8273656190304928,Per edat
40 a 44,2006,Estranger,96732,1.3557968894824826,Per edat
45 a 49,2006,Estranger,65131,0.9128768888153205,Per edat
50 a 54,2006,Estranger,41655,0.5838369870507465,Per edat
55 a 59,2006,Estranger,27338,0.38316974077525645,Per edat
60 a 64,2006,Estranger,18354,0.2572498874163822,Per edat
65 a 69,2006,Estranger,14177,0.19870500457132237,Per edat
70 a 74,2006,Estranger,9851,0.1380717359125412,Per edat
75 a 79,2006,Estranger,7539,0.1056667157694293,Per edat
80 a 84,2006,Estranger,4307,0.06036696442750126,Per edat
85+,2006,Estranger,3164,0.044346662514189464,Per edat
0 a 04,2007,Estranger,19238,0.266805057285839,Per edat
05 a 09,2007,Estranger,44781,0.6210519425261022,Per edat
10 a 14,2007,Estranger,49755,0.6900345995039462,Per edat
15 a 19,2007,Estranger,56795,0.7876698840081724,Per edat
20 a 24,2007,Estranger,103062,1.429330638007752,Per edat
25 a 29,2007,Estranger,169674,2.3531490430355255,Per edat
30 a 34,2007,Estranger,169817,2.3551322597520175,Per edat
35 a 39,2007,Estranger,139519,1.9349399515263002,Per edat
40 a 44,2007,Estranger,105522,1.463447512990763,Per edat
45 a 49,2007,Estranger,71269,0.9884047004732537,Per edat
50 a 54,2007,Estranger,46633,0.6467366793019299,Per edat
55 a 59,2007,Estranger,29904,0.4147280607690887,Per edat
60 a 64,2007,Estranger,19781,0.27433573334916206,Per edat
65 a 69,2007,Estranger,14881,0.20637935635048182,Per edat
70 a 74,2007,Estranger,9970,0.1382704242197637,Per edat
75 a 79,2007,Estranger,7725,0.10713530863567448,Per edat
80 a 84,2007,Estranger,4523,0.06272789656429201,Per edat
85+,2007,Estranger,3221,0.04467091639035697,Per edat
0 a 04,2008,Estranger,19683,0.2672839695614305,Per edat
05 a 09,2008,Estranger,47821,0.6493820407659995,Per edat
10 a 14,2008,Estranger,57595,0.7821074138541172,Per edat
15 a 19,2008,Estranger,64726,0.8789423468898618,Per edat
20 a 24,2008,Estranger,116548,1.5826556970200478,Per edat
25 a 29,2008,Estranger,188992,2.5664041038131318,Per edat
30 a 34,2008,Estranger,192886,2.619282413901645,Per edat
35 a 39,2008,Estranger,159559,2.166720667543174,Per edat
40 a 44,2008,Estranger,119540,1.6232853590089622,Per edat
45 a 49,2008,Estranger,82617,1.121891973441889,Per edat
50 a 54,2008,Estranger,54025,0.7336288398900718,Per edat
55 a 59,2008,Estranger,34245,0.46502766537779744,Per edat
60 a 64,2008,Estranger,22502,0.3055643897307986,Per edat
65 a 69,2008,Estranger,16528,0.22444086007779926,Per edat
70 a 74,2008,Estranger,10709,0.14542214245965346,Per edat
75 a 79,2008,Estranger,8271,0.11231548606628011,Per edat
80 a 84,2008,Estranger,4947,0.06717745249303443,Per edat
85+,2008,Estranger,3517,0.047758864042450395,Per edat
0 a 04,2009,Estranger,18755,0.25088891326507406,Per edat
05 a 09,2009,Estranger,48691,0.6513480179040108,Per edat
10 a 14,2009,Estranger,63494,0.8493703363824373,Per edat
15 a 19,2009,Estranger,70495,0.9430239371165766,Per edat
20 a 24,2009,Estranger,122163,1.6341958043828975,Per edat
25 a 29,2009,Estranger,197794,2.6459249112424454,Per edat
30 a 34,2009,Estranger,210141,2.811092888426336,Per edat
35 a 39,2009,Estranger,173009,2.3143716339683924,Per edat
40 a 44,2009,Estranger,131739,1.7622956302120816,Per edat
45 a 49,2009,Estranger,92127,1.2323989822645416,Per edat
50 a 54,2009,Estranger,60312,0.806804166187318,Per edat
55 a 59,2009,Estranger,37731,0.5047341821596646,Per edat
60 a 64,2009,Estranger,24549,0.3283962640226235,Per edat
65 a 69,2009,Estranger,17743,0.2373512123733516,Per edat
70 a 74,2009,Estranger,11657,0.15593772657589808,Per edat
75 a 79,2009,Estranger,8527,0.11406716947007658,Per edat
80 a 84,2009,Estranger,5313,0.07107292968154298,Per edat
85+,2009,Estranger,3750,0.05016440547822062,Per edat
0 a 04,2010,Estranger,16437,0.21879880692952078,Per edat
05 a 09,2010,Estranger,45307,0.6030977395848267,Per edat
10 a 14,2010,Estranger,65905,0.8772851110719758,Per edat
15 a 19,2010,Estranger,72334,0.9628638377100416,Per edat
20 a 24,2010,Estranger,116087,1.5452757254990128,Per edat
25 a 29,2010,Estranger,188957,2.515274451601962,Per edat
30 a 34,2010,Estranger,212037,2.822500615983135,Per edat
35 a 39,2010,Estranger,178809,2.3801907810586282,Per edat
40 a 44,2010,Estranger,138292,1.840854450805943,Per edat
45 a 49,2010,Estranger,98817,1.3153885565708128,Per edat
50 a 54,2010,Estranger,64638,0.8604196192924719,Per edat
55 a 59,2010,Estranger,40807,0.5431966243458631,Per edat
60 a 64,2010,Estranger,26328,0.35046145822476255,Per edat
65 a 69,2010,Estranger,18503,0.246300074503676,Per edat
70 a 74,2010,Estranger,12746,0.16966658107462868,Per edat
75 a 79,2010,Estranger,8719,0.11606173861522733,Per edat
80 a 84,2010,Estranger,5556,0.07395791028170697,Per edat
85+,2010,Estranger,4088,0.05441683535486286,Per edat
0 a 04,2011,Estranger,15157,0.20103140503935343,Per edat
05 a 09,2011,Estranger,41022,0.5440859205333745,Per edat
10 a 14,2011,Estranger,65889,0.8739036911419119,Per edat
15 a 19,2011,Estranger,74153,0.983511366225716,Per edat
20 a 24,2011,Estranger,109969,1.458548695703151,Per edat
25 a 29,2011,Estranger,176877,2.3459676604305417,Per edat
30 a 34,2011,Estranger,212250,2.815129360665222,Per edat
35 a 39,2011,Estranger,183102,2.42853152507196,Per edat
40 a 44,2011,Estranger,144975,1.9228427753236306,Per edat
45 a 49,2011,Estranger,105151,1.3946462539614075,Per edat
50 a 54,2011,Estranger,69817,0.9260018213124326,Per edat
55 a 59,2011,Estranger,43966,0.5831329916184083,Per edat
60 a 64,2011,Estranger,28736,0.38113336776478596,Per edat
65 a 69,2011,Estranger,18866,0.2502248787670675,Per edat
70 a 74,2011,Estranger,13700,0.18170681856826168,Per edat
75 a 79,2011,Estranger,8659,0.11484666729799839,Per edat
80 a 84,2011,Estranger,5983,0.07935415295575982,Per edat
85+,2011,Estranger,4403,0.05839818409898221,Per edat
0 a 04,2012,Estranger,13866,0.1831484413758561,Per edat
05 a 09,2012,Estranger,37545,0.49591145474228454,Per edat
10 a 14,2012,Estranger,64778,0.8556173182926011,Per edat
15 a 19,2012,Estranger,76538,1.0109487527783985,Per edat
20 a 24,2012,Estranger,107392,1.4184824330186023,Per edat
25 a 29,2012,Estranger,168917,2.231132646176654,Per edat
30 a 34,2012,Estranger,210709,2.7831404106350255,Per edat
35 a 39,2012,Estranger,189463,2.5025135690461435,Per edat
40 a 44,2012,Estranger,151727,2.004079299338996,Per edat
45 a 49,2012,Estranger,112202,1.4820151030761435,Per edat
50 a 54,2012,Estranger,74897,0.9892736776090794,Per edat
55 a 59,2012,Estranger,48156,0.6360663740729646,Per edat
60 a 64,2012,Estranger,31194,0.41202455504676583,Per edat
65 a 69,2012,Estranger,20407,0.2695449475809243,Per edat
70 a 74,2012,Estranger,14453,0.19090180464483256,Per edat
75 a 79,2012,Estranger,9010,0.11900818237389757,Per edat
80 a 84,2012,Estranger,6303,0.08325289384047461,Per edat
85+,2012,Estranger,4714,0.06226465834745317,Per edat
0 a 04,2013,Estranger,12054,0.15957848192595633,Per edat
05 a 09,2013,Estranger,32720,0.43316807106498184,Per edat
10 a 14,2013,Estranger,60636,0.8027377493000074,Per edat
15 a 19,2013,Estranger,76164,1.008307242194171,Per edat
20 a 24,2013,Estranger,101763,1.3472030078174129,Per edat
25 a 29,2013,Estranger,155995,2.06516055152145,Per edat
30 a 34,2013,Estranger,202336,2.6786520423901026,Per edat
35 a 39,2013,Estranger,190993,2.528486228512044,Per edat
40 a 44,2013,Estranger,155813,2.062751120319316,Per edat
45 a 49,2013,Estranger,115906,1.5344369940359959,Per edat
50 a 54,2013,Estranger,79540,1.05300086713046,Per edat
55 a 59,2013,Estranger,51149,0.6771428382305243,Per edat
60 a 64,2013,Estranger,33102,0.43822522886286763,Per edat
65 a 69,2013,Estranger,21658,0.28672231305395407,Per edat
70 a 74,2013,Estranger,15223,0.20153170983564236,Per edat
75 a 79,2013,Estranger,9183,0.12157036664394034,Per edat
80 a 84,2013,Estranger,6500,0.086051114361931,Per edat
85+,2013,Estranger,4928,0.06523998331932244,Per edat
0 a 04,2014,Estranger,10496,0.1395948318524657,Per edat
05 a 09,2014,Estranger,28173,0.3746956171664936,Per edat
10 a 14,2014,Estranger,55226,0.7344954443487302,Per edat
15 a 19,2014,Estranger,74236,0.987324879706521,Per edat
20 a 24,2014,Estranger,96252,1.2801335513970589,Per edat
25 a 29,2014,Estranger,142922,1.900835800116054,Per edat
30 a 34,2014,Estranger,188829,2.5113902919082745,Per edat
35 a 39,2014,Estranger,189781,2.524051713394893,Per edat
40 a 44,2014,Estranger,155855,2.0728422749967645,Per edat
45 a 49,2014,Estranger,119173,1.584978553387376,Per edat
50 a 54,2014,Estranger,83088,1.1050548198320953,Per edat
55 a 59,2014,Estranger,53914,0.7170460903671719,Per edat
60 a 64,2014,Estranger,34137,0.4540156988326622,Per edat
65 a 69,2014,Estranger,22521,0.29952507699593944,Per edat
70 a 74,2014,Estranger,15296,0.20343393178499578,Per edat
75 a 79,2014,Estranger,9327,0.12404735105639746,Per edat
80 a 84,2014,Estranger,6401,0.08513209972252601,Per edat
85+,2014,Estranger,5001,0.06651236224220475,Per edat
0 a 04,2015,Estranger,10307,0.1372782962840429,Per edat
05 a 09,2015,Estranger,24699,0.3289644552168017,Per edat
10 a 14,2015,Estranger,50104,0.6673320808203826,Per edat
15 a 19,2015,Estranger,73904,0.9843228105729993,Per edat
20 a 24,2015,Estranger,94733,1.2617429748594386,Per edat
25 a 29,2015,Estranger,135079,1.7991088564812483,Per edat
30 a 34,2015,Estranger,178143,2.372675612198336,Per edat
35 a 39,2015,Estranger,188295,2.5078894730575194,Per edat
40 a 44,2015,Estranger,158202,2.107082665055608,Per edat
45 a 49,2015,Estranger,122740,1.6347664777242092,Per edat
50 a 54,2015,Estranger,87962,1.1715604441386416,Per edat
55 a 59,2015,Estranger,57021,0.759459176522015,Per edat
60 a 64,2015,Estranger,36576,0.48715348451393736,Per edat
65 a 69,2015,Estranger,24082,0.32074667033203846,Per edat
70 a 74,2015,Estranger,15891,0.2116512473318837,Per edat
75 a 79,2015,Estranger,10179,0.1355734721912557,Per edat
80 a 84,2015,Estranger,6484,0.0863599954502507,Per edat
85+,2015,Estranger,5220,0.06952485753397727,Per edat
0 a 04,2016,Estranger,11139,0.14807388300528168,Per edat
05 a 09,2016,Estranger,23012,0.3059050359742833,Per edat
10 a 14,2016,Estranger,45595,0.6061072534002889,Per edat
15 a 19,2016,Estranger,73932,0.9827990231031947,Per edat
20 a 24,2016,Estranger,97156,1.2915222351432936,Per edat
25 a 29,2016,Estranger,132823,1.765653771650106,Per edat
30 a 34,2016,Estranger,169842,2.257757827218157,Per edat
35 a 39,2016,Estranger,188684,2.5082298717091813,Per edat
40 a 44,2016,Estranger,161705,2.1495903807674903,Per edat
45 a 49,2016,Estranger,128756,1.7115899883497665,Per edat
50 a 54,2016,Estranger,93577,1.2439455741076617,Per edat
55 a 59,2016,Estranger,61681,0.8199430090357106,Per edat
60 a 64,2016,Estranger,39273,0.5220671161923357,Per edat
65 a 69,2016,Estranger,26286,0.34942724559447297,Per edat
70 a 74,2016,Estranger,16381,0.21775727421757063,Per edat
75 a 79,2016,Estranger,10992,0.14611977035587181,Per edat
80 a 84,2016,Estranger,6374,0.08473138794107779,Per edat
85+,2016,Estranger,5688,0.07561219557716511,Per edat
0 a 04,2017,Estranger,13023,0.17235697468047853,Per edat
05 a 09,2017,Estranger,22941,0.3036198538082514,Per edat
10 a 14,2017,Estranger,42916,0.5679852511239665,Per edat
15 a 19,2017,Estranger,73782,0.9764910009886406,Per edat
20 a 24,2017,Estranger,102006,1.350030373896713,Per edat
25 a 29,2017,Estranger,137458,1.8192309779335958,Per edat
30 a 34,2017,Estranger,167642,2.218710585071395,Per edat
35 a 39,2017,Estranger,189482,2.507758909345499,Per edat
40 a 44,2017,Estranger,167777,2.2204972848780344,Per edat
45 a 49,2017,Estranger,134516,1.7802941569622397,Per edat
50 a 54,2017,Estranger,100002,1.323507807878155,Per edat
55 a 59,2017,Estranger,66216,0.8763564029365404,Per edat
60 a 64,2017,Estranger,42968,0.5686734614198573,Per edat
65 a 69,2017,Estranger,28228,0.3735923121616024,Per edat
70 a 74,2017,Estranger,17653,0.2336341606415179,Per edat
75 a 79,2017,Estranger,11670,0.15445027217393723,Per edat
80 a 84,2017,Estranger,6640,0.0878791608598923,Per edat
85+,2017,Estranger,6024,0.07972651581626373,Per edat
0 a 04,2018,Estranger,15254,0.20070880972728522,Per edat
05 a 09,2018,Estranger,24471,0.32198408829398173,Per edat
10 a 14,2018,Estranger,40686,0.5353375267185214,Per edat
15 a 19,2018,Estranger,73863,0.9718732668733755,Per edat
20 a 24,2018,Estranger,107635,1.4162378874391206,Per edat
25 a 29,2018,Estranger,143381,1.88657597007394,Per edat
30 a 34,2018,Estranger,167525,2.2042574635874823,Per edat
35 a 39,2018,Estranger,190544,2.507136452122449,Per edat
40 a 44,2018,Estranger,174407,2.2948093207097573,Per edat
45 a 49,2018,Estranger,141955,1.8678129726522077,Per edat
50 a 54,2018,Estranger,105966,1.3942775489420156,Per edat
55 a 59,2018,Estranger,72338,0.9518076490135282,Per edat
60 a 64,2018,Estranger,46752,0.6151526335630024,Per edat
65 a 69,2018,Estranger,30882,0.40633862999855924,Per edat
70 a 74,2018,Estranger,19230,0.25302415176712306,Per edat
75 a 79,2018,Estranger,12575,0.16545911120496995,Per edat
80 a 84,2018,Estranger,6907,0.09088080167735407,Per edat
85+,2018,Estranger,6349,0.08353875920798046,Per edat
"Totes
les
edats",2000,Espanya,1703807,27.208675696051692,Agregaci
"Totes
les
edats",2000,Estranger,253050,4.041041846221949,Agregaci
"Totes
les
edats",2000,Catalunya,4305142,68.75028245772637,Agregaci
"Totes
les
edats",2001,Espanya,1685687,26.498825330726977,Agregaci
"Totes
les
edats",2001,Estranger,335862,5.279715910028744,Agregaci
"Totes
les
edats",2001,Catalunya,4339816,68.22145875924429,Agregaci
"Totes
les
edats",2002,Espanya,1668210,25.639366535309634,Agregaci
"Totes
les
edats",2002,Estranger,461251,7.08914552351209,Agregaci
"Totes
les
edats",2002,Catalunya,4376979,67.27148794117828,Agregaci
"Totes
les
edats",2003,Espanya,1653543,24.664483738868455,Agregaci
"Totes
les
edats",2003,Estranger,623947,9.306882636505827,Agregaci
"Totes
les
edats",2003,Catalunya,4426656,66.02863362462573,Agregaci
"Totes
les
edats",2004,Espanya,1632007,23.953186398581956,Agregaci
"Totes
les
edats",2004,Estranger,725384,10.646558600881596,Agregaci
"Totes
les
edats",2004,Catalunya,4455928,65.40025500053645,Agregaci
"Totes
les
edats",2005,Espanya,1612378,23.049757219444288,Agregaci
"Totes
les
edats",2005,Estranger,878890,12.564176094313734,Agregaci
"Totes
les
edats",2005,Catalunya,4503938,64.38606668624199,Agregaci
"Totes
les
edats",2006,Espanya,1590240,22.28882319739717,Agregaci
"Totes
les
edats",2006,Estranger,998721,13.998085693057464,Agregaci
"Totes
les
edats",2006,Catalunya,4545736,63.713091109545374,Agregaci
"Totes
les
edats",2007,Espanya,1564301,21.694740509267863,Agregaci
"Totes
les
edats",2007,Estranger,1066070,14.784949964690423,Agregaci
"Totes
les
edats",2007,Catalunya,4580137,63.52030952604172,Agregaci
"Totes
les
edats",2008,Espanya,1538036,20.88565601830942,Agregaci
"Totes
les
edats",2008,Estranger,1204711,16.359291685938146,Agregaci
"Totes
les
edats",2008,Catalunya,4621331,62.755052295752435,Agregaci
"Totes
les
edats",2009,Espanya,1512755,20.236388055788172,Agregaci
"Totes
les
edats",2009,Estranger,1297990,17.36343911111349,Agregaci
"Totes
les
edats",2009,Catalunya,4664675,62.400172833098345,Agregaci
"Totes
les
edats",2010,Espanya,1488103,19.808673175654963,Agregaci
"Totes
les
edats",2010,Estranger,1314367,17.496010918509057,Agregaci
"Totes
les
edats",2010,Catalunya,4709911,62.69531590583598,Agregaci
"Totes
les
edats",2011,Espanya,1465633,19.43908829333263,Agregaci
"Totes
les
edats",2011,Estranger,1322675,17.542997536479966,Agregaci
"Totes
les
edats",2011,Catalunya,4751310,63.0179141701874,Agregaci
"Totes
les
edats",2012,Espanya,1443480,19.066141075812833,Agregaci
"Totes
les
edats",2012,Estranger,1342271,17.729326521997095,Agregaci
"Totes
les
edats",2012,Catalunya,4785157,63.204532402190075,Agregaci
"Totes
les
edats",2013,Espanya,1417177,18.761486168938195,Agregaci
"Totes
les
edats",2013,Estranger,1325663,17.54996591052008,Agregaci
"Totes
les
edats",2013,Catalunya,4810810,63.68854792054173,Agregaci
"Totes
les
edats",2014,Espanya,1393243,18.529870647353743,Agregaci
"Totes
les
edats",2014,Estranger,1290628,17.165110389108623,Agregaci
"Totes
les
edats",2014,Catalunya,4835032,64.30501896353763,Agregaci
"Totes
les
edats",2015,Espanya,1370930,18.259331980661965,Agregaci
"Totes
les
edats",2015,Estranger,1279621,17.043193050284586,Agregaci
"Totes
les
edats",2015,Catalunya,4857555,64.69747496905345,Agregaci
"Totes
les
edats",2016,Espanya,1348713,17.928824038935495,Agregaci
"Totes
les
edats",2016,Estranger,1292896,17.18683284334291,Agregaci
"Totes
les
edats",2016,Catalunya,4880987,64.8843431177216,Agregaci
"Totes
les
edats",2017,Espanya,1325004,17.53618067108445,Agregaci
"Totes
les
edats",2017,Estranger,1330944,17.61479546257658,Agregaci
"Totes
les
edats",2017,Catalunya,4899882,64.84902386633897,Agregaci
"Totes
les
edats",2018,Espanya,1301357,17.122971974581798,Agregaci
"Totes
les
edats",2018,Estranger,1380720,18.16721304357265,Agregaci
"Totes
les
edats",2018,Catalunya,4917988,64.70981498184555,Agregaci
