{"chunk_definitions":[{"chunk_id":"ctbdvhxxrvb04","chunk_label":"unnamed-chunk-1","document_id":"93500ED7","expansion_state":0,"options":{"cache":"F","comment":null,"echo":false,"engine":"r","error":false,"label":"unnamed-chunk-124","message":false,"warning":false},"row":42,"row_count":1,"visible":true},{"chunk_id":"cnj09hqxunuoq","chunk_label":"unnamed-chunk-2","document_id":"93500ED7","expansion_state":0,"options":{"engine":"r","label":"unnamed-chunk-125"},"row":76,"row_count":1,"visible":true},{"chunk_id":"cwuwzgyep6tnh","chunk_label":"unnamed-chunk-3","document_id":"93500ED7","expansion_state":0,"options":{"engine":"r","label":"unnamed-chunk-126"},"row":94,"row_count":1,"visible":true},{"chunk_id":"cmit06lmchbp9","chunk_label":"unnamed-chunk-4","document_id":"93500ED7","expansion_state":0,"options":{"engine":"r","label":"unnamed-chunk-127"},"row":105,"row_count":1,"visible":true},{"chunk_id":"cs9ve89cjvfcv","chunk_label":"unnamed-chunk-5","document_id":"93500ED7","expansion_state":0,"options":{"engine":"r","label":"unnamed-chunk-128"},"row":115,"row_count":1,"visible":true},{"chunk_id":"cgwxxkkmku11y","chunk_label":"unnamed-chunk-6","document_id":"93500ED7","expansion_state":0,"options":{"engine":"r","label":"unnamed-chunk-129"},"row":123,"row_count":1,"visible":true},{"chunk_id":"cj42q21jmxqge","chunk_label":"unnamed-chunk-7","document_id":"93500ED7","expansion_state":0,"options":{"engine":"r","label":"unnamed-chunk-130"},"row":149,"row_count":1,"visible":true}],"doc_write_time":2481051765037560417}