"0","# No scientific notation"
"0","options(scipen=999)"
"0","# Packages "
"0","library(databrew)"
"0","library(cism)"
"0","library(dplyr)"
"0","library(ggplot2)"
"0","library(ggmap)"
"0","library(gsheet)"
"0","library(readr)"
"0","library(knitr)"
"0","library(readxl)"
"0","library(ggthemes)"
"0","# Options for this document (ie, whether to show code, errors, etc.)"
"0","knitr::opts_chunk$set(comment = NA, "
"0","               echo = FALSE,"
"0","               eval = TRUE,"
"0","               warning = FALSE, "
"0","               message = FALSE, "
"0","               error = TRUE, "
"0","               cache = FALSE)"
"0","# Read in some data here"
"0","ehm <- read_excel(""ecohema_enviament_bcn_08052017.xls"")"
