{"chunk_definitions":[{"chunk_id":"c4yjxbfelnevl","chunk_label":"unnamed-chunk-1","document_id":"60B5ED3F","expansion_state":0,"options":{"cache":"F","comment":null,"echo":false,"engine":"r","error":false,"label":"unnamed-chunk-7","message":false,"warning":false},"row":42,"row_count":1,"visible":true},{"chunk_id":"cbrb105rlsz5p","chunk_label":"unnamed-chunk-4","document_id":"60B5ED3F","expansion_state":0,"options":{"engine":"r","label":"unnamed-chunk-43"},"row":138,"row_count":1,"visible":true},{"chunk_id":"c7t8laq23z8to","chunk_label":"unnamed-chunk-5","document_id":"60B5ED3F","expansion_state":0,"options":{"engine":"r","label":"unnamed-chunk-45"},"row":157,"row_count":1,"visible":true},{"chunk_id":"czlv09ugp25ch","chunk_label":"unnamed-chunk-6","document_id":"60B5ED3F","expansion_state":0,"options":{"engine":"r","label":"unnamed-chunk-56"},"row":180,"row_count":1,"visible":true}],"chunk_rendered_width":700,"doc_write_time":1496441305}